new_index,original_en_us_index,species
0,22,Accipiter bicolor_Bicolored Hawk
1,35,Accipiter striatus_Sharp-shinned Hawk
2,36,Accipiter superciliosus_Tiny Hawk
3,83,Actitis macularius_Spotted Sandpiper
4,187,Amaurolimnas concolor_Uniform Crake
5,195,Amazilia tzacatl_Rufous-tailed Hummingbird
6,203,Amazona autumnalis_Red-lored Parrot
7,206,Amazona farinosa_Mealy Parrot
8,221,Amblycercus holosericeus_Yellow-billed Cacique
9,258,Anas acuta_Northern Pintail
10,261,Anas crecca_Green-winged Teal
11,293,Anhinga anhinga_Anhinga
12,304,Anous stolidus_Brown Noddy
13,375,Antrostomus carolinensis_Chuck-will's-widow
14,378,Antrostomus rufus_Rufous Nightjar
15,434,Ara ambiguus_Great Green Macaw
16,438,Ara macao_Scarlet Macaw
17,448,Aramides cajaneus_Gray-cowled Wood-Rail
18,452,Aramus guarauna_Limpkin
19,466,Archilochus colubris_Ruby-throated Hummingbird
20,467,Ardea alba_Great Egret
21,470,Ardea herodias_Great Blue Heron
22,477,Ardenna creatopus_Pink-footed Shearwater
23,479,Ardenna pacifica_Wedge-tailed Shearwater
24,485,Arenaria interpres_Ruddy Turnstone
25,500,Arremon aurantiirostris_Orange-billed Sparrow
26,502,Arremon brunneinucha_Chestnut-capped Brushfinch
27,515,Arremonops conirostris_Black-striped Sparrow
28,533,Asio clamator_Striped Owl
29,605,Attila spadiceus_Bright-rumped Attila
30,616,Automolus exsertus_Chiriqui Foliage-gleaner
31,620,Automolus ochrolaemus_Buff-throated Foliage-gleaner
32,623,Automolus subulatus_Striped Woodhaunter
33,629,Aythya collaris_Ring-necked Duck
34,649,Bartramia longicauda_Upland Sandpiper
35,650,Baryphthengus martii_Rufous Motmot
36,654,Basileuterus delattrii_Chestnut-capped Warbler
37,694,Bolborhynchus lineola_Barred Parakeet
38,697,Bombycilla cedrorum_Cedar Waxwing
39,734,Brotogeris jugularis_Orange-chinned Parakeet
40,750,Bubulcus ibis_Cattle Egret
41,775,Busarellus nigricollis_Black-collared Hawk
42,779,Buteo albonotatus_Zone-tailed Hawk
43,782,Buteo brachyurus_Short-tailed Hawk
44,784,Buteo jamaicensis_Red-tailed Hawk
45,788,Buteo nitidus_Gray-lined Hawk
46,790,Buteo plagiatus_Gray Hawk
47,791,Buteo platypterus_Broad-winged Hawk
48,795,Buteo swainsoni_Swainson's Hawk
49,796,Buteogallus anthracinus_Common Black Hawk
50,798,Buteogallus meridionalis_Savanna Hawk
51,801,Buteogallus urubitinga_Great Black Hawk
52,804,Butorides virescens_Green Heron
53,823,Cacicus uropygialis_Scarlet-rumped Cacique
54,832,Cairina moschata_Muscovy Duck
55,852,Calidris alba_Sanderling
56,854,Calidris bairdii_Baird's Sandpiper
57,855,Calidris canutus_Red Knot
58,858,Calidris fuscicollis_White-rumped Sandpiper
59,859,Calidris himantopus_Stilt Sandpiper
60,861,Calidris mauri_Western Sandpiper
61,862,Calidris melanotos_Pectoral Sandpiper
62,864,Calidris minutilla_Least Sandpiper
63,867,Calidris pusilla_Semipalmated Sandpiper
64,874,Calidris virgata_Surfbird
65,909,Campephilus guatemalensis_Pale-billed Woodpecker
66,922,Camptostoma obsoletum_Southern Beardless-Tyrannulet
67,924,Campylopterus hemileucurus_Violet Sabrewing
68,928,Campylorhamphus pusillus_Brown-billed Scythebill
69,946,Cantorchilus elutus_Isthmian Wren
70,952,Cantorchilus nigricapillus_Bay Wren
71,953,Cantorchilus semibadius_Riverside Wren
72,955,Cantorchilus thoracicus_Stripe-breasted Wren
73,984,Capsiempis flaveola_Yellow Tyrannulet
74,985,Caracara plancus_Crested Caracara
75,986,Cardellina canadensis_Canada Warbler
76,987,Cardellina pusilla_Wilson's Warbler
77,1024,Cathartes aura_Turkey Vulture
78,1035,Catharus minimus_Gray-cheeked Thrush
79,1037,Catharus ustulatus_Swainson's Thrush
80,1084,Ceratopipra mentalis_Red-capped Manakin
81,1102,Cercomacroides tyrannina_Dusky Antbird
82,1165,Charadrius collaris_Collared Plover
83,1176,Charadrius nivosus_Snowy Plover
84,1179,Charadrius semipalmatus_Semipalmated Plover
85,1182,Charadrius vociferus_Killdeer
86,1183,Charadrius wilsonia_Wilson's Plover
87,1200,Chiroxiphia lanceolata_Lance-tailed Manakin
88,1201,Chiroxiphia linearis_Long-tailed Manakin
89,1208,Chlidonias niger_Black Tern
90,1212,Chlorestes eliciae_Blue-throated Goldentail
91,1219,Chloroceryle aenea_American Pygmy Kingfisher
92,1220,Chloroceryle amazona_Amazon Kingfisher
93,1221,Chloroceryle americana_Green Kingfisher
94,1230,Chlorophanes spiza_Green Honeycreeper
95,1234,Chlorophonia elegantissima_Elegant Euphonia
96,1264,Chondrohierax uncinatus_Hook-billed Kite
97,1265,Chordeiles acutipennis_Lesser Nighthawk
98,1267,Chordeiles minor_Common Nighthawk
99,1306,Ciccaba nigrolineata_Black-and-white Owl
100,1307,Ciccaba virgata_Mottled Owl
101,1371,Circus hudsonius_Northern Harrier
102,1419,Claravis pretiosa_Blue Ground Dove
103,1439,Coccyzus americanus_Yellow-billed Cuckoo
104,1445,Coccyzus minor_Mangrove Cuckoo
105,1447,Cochlearius cochlearius_Boat-billed Heron
106,1471,Colinus cristatus_Crested Bobwhite
107,1489,Columba livia_Rock Pigeon
108,1497,Columbina inca_Inca Dove
109,1498,Columbina minuta_Plain-breasted Ground Dove
110,1499,Columbina passerina_Common Ground Dove
111,1502,Columbina talpacoti_Ruddy Ground Dove
112,1533,Contopus cinereus_Tropical Pewee
113,1534,Contopus cooperi_Olive-sided Flycatcher
114,1539,Contopus sordidulus_Western Wood-Pewee
115,1540,Contopus virens_Eastern Wood-Pewee
116,1566,Coragyps atratus_Black Vulture
117,1567,Corapipo altera_White-ruffed Manakin
118,1667,Crax rubra_Great Curassow
119,1689,Crotophaga ani_Smooth-billed Ani
120,1703,Crypturellus cinnamomeus_Thicket Tinamou
121,1709,Crypturellus soui_Little Tinamou
122,1743,Cyanerpes cyaneus_Red-legged Honeycreeper
123,1776,Cyanoloxia cyanoides_Blue-black Grosbeak
124,1827,Cyphorhinus phaeocephalus_Song Wren
125,1851,Deconychura longicauda_Long-tailed Woodcreeper
126,1857,Dendrocincla anabatina_Tawny-winged Woodcreeper
127,1858,Dendrocincla fuliginosa_Plain-brown Woodcreeper
128,1859,Dendrocincla homochroa_Ruddy Woodcreeper
129,1870,Dendrocolaptes sanctithomae_Northern Barred-Woodcreeper
130,1947,Dives dives_Melodious Blackbird
131,1950,Dolichonyx oryzivorus_Bobolink
132,1982,Dryobates kirkii_Red-rumped Woodpecker
133,1996,Dryocopus lineatus_Lineated Woodpecker
134,2031,Dumetella carolinensis_Gray Catbird
135,2035,Dysithamnus mentalis_Plain Antvireo
136,2038,Dysithamnus puncticeps_Spot-crowned Antvireo
137,2045,Egretta caerulea_Little Blue Heron
138,2050,Egretta rufescens_Reddish Egret
139,2052,Egretta thula_Snowy Egret
140,2053,Egretta tricolor_Tricolored Heron
141,2057,Elaenia chiriquensis_Lesser Elaenia
142,2060,Elaenia flavogaster_Yellow-bellied Elaenia
143,2073,Elanoides forficatus_Swallow-tailed Kite
144,2075,Elanus leucurus_White-tailed Kite
145,2128,Empidonax alnorum_Alder Flycatcher
146,2132,Empidonax flaviventris_Yellow-bellied Flycatcher
147,2135,Empidonax minimus_Least Flycatcher
148,2138,Empidonax traillii_Willow Flycatcher
149,2139,Empidonax virescens_Acadian Flycatcher
150,2161,Epinecrophylla fulviventris_Checker-throated Stipplethroat
151,2204,Eucometis penicillata_Gray-headed Tanager
152,2205,Eudocimus albus_White Ibis
153,2240,Euphonia hirundinacea_Yellow-throated Euphonia
154,2241,Euphonia imitans_Spot-crowned Euphonia
155,2242,Euphonia laniirostris_Thick-billed Euphonia
156,2243,Euphonia luteicapilla_Yellow-crowned Euphonia
157,2245,Euphonia minuta_White-vented Euphonia
158,2269,Eupsittula pertinax_Brown-throated Parakeet
159,2280,Eurypyga helias_Sunbittern
160,2286,Eutoxeres aquila_White-tipped Sicklebill
161,2289,Falco columbarius_Merlin
162,2294,Falco peregrinus_Peregrine Falcon
163,2295,Falco rufigularis_Bat Falcon
164,2297,Falco sparverius_American Kestrel
165,2327,Florisuga mellivora_White-necked Jacobin
166,2331,Formicarius analis_Black-faced Antthrush
167,2368,Fregata magnificens_Magnificent Frigatebird
168,2373,Fulica americana_American Coot
169,2399,Galbula ruficauda_Rufous-tailed Jacamar
170,2408,Gallinago delicata_Wilson's Snipe
171,2421,Gallinula galeata_Common Gallinule
172,2432,Gampsonyx swainsonii_Pearl Kite
173,2456,Gelochelidon nilotica_Gull-billed Tern
174,2481,Geothlypis formosa_Kentucky Warbler
175,2483,Geothlypis philadelphia_Mourning Warbler
176,2484,Geothlypis poliocephala_Gray-crowned Yellowthroat
177,2489,Geothlypis trichas_Common Yellowthroat
178,2491,Geotrygon montana_Ruddy Quail-Dove
179,2493,Geranoaetus albicaudatus_White-tailed Hawk
180,2496,Geranospiza caerulescens_Crane Hawk
181,2513,Glaucidium brasilianum_Ferruginous Pygmy-Owl
182,2539,Glyphorynchus spirurus_Wedge-billed Woodcreeper
183,2615,Gymnocichla nudiceps_Bare-crowned Antbird
184,2619,Gymnopithys bicolor_Bicolored Antbird
185,2632,Habia atrimaxillaris_Black-cheeked Ant-Tanager
186,2634,Habia fuscicauda_Red-throated Ant-Tanager
187,2636,Habia rubica_Red-crowned Ant-Tanager
188,2644,Haematopus palliatus_American Oystercatcher
189,2687,Harpagus bidentatus_Double-toothed Kite
190,2689,Harpia harpyja_Harpy Eagle
191,2703,Heliomaster longirostris_Long-billed Starthroat
192,2704,Heliornis fulica_Sungrebe
193,2707,Helmitheros vermivorum_Worm-eating Warbler
194,2746,Henicorhina leucophrys_Gray-breasted Wood-Wren
195,2748,Henicorhina leucosticta_White-breasted Wood-Wren
196,2750,Herpetotheres cachinnans_Laughing Falcon
197,2791,Himantopus mexicanus_Black-necked Stilt
198,2802,Hirundo rustica_Barn Swallow
199,2828,Hydroprogne caspia_Caspian Tern
200,2850,Hylocichla mustelina_Wood Thrush
201,2855,Hylopezus perspicillatus_Streak-chested Antpitta
202,2859,Hylophilus flavipes_Scrub Greenlet
203,2865,Hylophylax naevioides_Spotted Antbird
204,2899,Ibycter americanus_Red-throated Caracara
205,2902,Icteria virens_Yellow-breasted Chat
206,2908,Icterus chrysater_Yellow-backed Oriole
207,2911,Icterus galbula_Baltimore Oriole
208,2926,Icterus spurius_Orchard Oriole
209,2929,Ictinia mississippiensis_Mississippi Kite
210,2930,Ictinia plumbea_Plumbeous Kite
211,2974,Ixobrychus exilis_Least Bittern
212,2983,Ixothraupis guttata_Speckled Tanager
213,2990,Jacana jacana_Wattled Jacana
214,2991,Jacana spinosa_Northern Jacana
215,3002,Klais guimeti_Violet-headed Hummingbird
216,3088,Larosterna inca_Inca Tern
217,3089,Larus argentatus_Herring Gull
218,3096,Larus delawarensis_Ring-billed Gull
219,3113,Laterallus albigularis_White-throated Crake
220,3114,Laterallus exilis_Gray-breasted Crake
221,3125,Legatus leucophaius_Piratic Flycatcher
222,3131,Leiothlypis peregrina_Tennessee Warbler
223,3138,Leistes militaris_Red-breasted Meadowlark
224,3149,Lepidocolaptes souleyetii_Streak-headed Woodcreeper
225,3151,Lepidothrix coronata_Blue-crowned Manakin
226,3172,Leptodon cayanensis_Gray-headed Kite
227,3181,Leptotila cassinii_Gray-chested Dove
228,3187,Leptotila plumbeiceps_Gray-headed Dove
229,3189,Leptotila verreauxi_White-tipped Dove
230,3196,Leucophaeus atricilla_Laughing Gull
231,3198,Leucophaeus pipixcan_Franklin's Gull
232,3202,Leucopternis semiplumbeus_Semiplumbeous Hawk
233,3217,Limnodromus griseus_Short-billed Dowitcher
234,3218,Limnodromus scolopaceus_Long-billed Dowitcher
235,3222,Limosa fedoa_Marbled Godwit
236,3237,Lipaugus unirufus_Rufous Piha
237,3262,Lonchura malacca_Tricolored Munia
238,3278,Lophostrix cristata_Crested Owl
239,3281,Lophotriccus pileatus_Scale-crested Pygmy-Tyrant
240,3290,Loriotus luctuosus_White-shouldered Tanager
241,3305,Lurocalis semitorquatus_Short-tailed Nighthawk
242,3362,Malacoptila panamensis_White-whiskered Puffbird
243,3381,Manacus aurantiacus_Orange-collared Manakin
244,3382,Manacus candei_White-collared Manakin
245,3384,Manacus vitellinus_Golden-collared Manakin
246,3388,Mareca americana_American Wigeon
247,3403,Megaceryle alcyon_Belted Kingfisher
248,3406,Megaceryle torquata_Ringed Kingfisher
249,3412,Megarynchus pitangua_Boat-billed Flycatcher
250,3416,Megascops centralis_Choco Screech-Owl
251,3417,Megascops choliba_Tropical Screech-Owl
252,3419,Megascops cooperi_Pacific Screech-Owl
253,3421,Megascops guatemalae_Middle American Screech-Owl
254,3446,Melanerpes chrysauchen_Golden-naped Woodpecker
255,3456,Melanerpes pucherani_Black-cheeked Woodpecker
256,3459,Melanerpes rubricapillus_Red-crowned Woodpecker
257,3544,Mesembrinibis cayennensis_Green Ibis
258,3556,Micrastur ruficollis_Barred Forest-Falcon
259,3557,Micrastur semitorquatus_Collared Forest-Falcon
260,3564,Microcerculus marginatus_Scaly-breasted Wren
261,3575,Microrhopias quixensis_Dot-winged Antwren
262,3582,Milvago chimachima_Yellow-headed Caracara
263,3587,Mimus gilvus_Tropical Mockingbird
264,3600,Mionectes oleagineus_Ochre-bellied Flycatcher
265,3601,Mionectes olivaceus_Olive-striped Flycatcher
266,3616,Mitrephanes phaeocercus_Tufted Flycatcher
267,3626,Mniotilta varia_Black-and-white Warbler
268,3631,Molothrus aeneus_Bronzed Cowbird
269,3633,Molothrus bonariensis_Shiny Cowbird
270,3634,Molothrus oryzivorus_Giant Cowbird
271,3638,Momotus lessonii_Lesson's Motmot
272,3641,Momotus subrufescens_Whooping Motmot
273,3662,Morphnarchus princeps_Barred Hawk
274,3707,Mycteria americana_Wood Stork
275,3724,Myiarchus crinitus_Great Crested Flycatcher
276,3727,Myiarchus panamensis_Panama Flycatcher
277,3732,Myiarchus tuberculifer_Dusky-capped Flycatcher
278,3736,Myiobius atricaudus_Black-tailed Flycatcher
279,3738,Myiobius sulphureipygius_Sulphur-rumped Flycatcher
280,3751,Myiodynastes luteiventris_Sulphur-bellied Flycatcher
281,3752,Myiodynastes maculatus_Streaked Flycatcher
282,3759,Myiopagis viridicata_Greenish Elaenia
283,3761,Myiophobus fasciatus_Bran-colored Flycatcher
284,3766,Myiornis atricapillus_Black-capped Pygmy-Tyrant
285,3781,Myiothlypis fulvicauda_Buff-rumped Warbler
286,3789,Myiozetetes cayanensis_Rusty-margined Flycatcher
287,3790,Myiozetetes granadensis_Gray-capped Flycatcher
288,3792,Myiozetetes similis_Social Flycatcher
289,3842,Myrmotherula schisticolor_Slaty Antwren
290,3858,Nannopterum brasilianum_Neotropic Cormorant
291,3933,Notharchus hyperrhynchus_White-necked Puffbird
292,3938,Notharchus tectus_Pied Puffbird
293,3958,Numenius phaeopus_Whimbrel
294,3961,Nyctanassa violacea_Yellow-crowned Night-Heron
295,3964,Nyctibius grandis_Great Potoo
296,3965,Nyctibius griseus_Common Potoo
297,3968,Nycticorax nycticorax_Black-crowned Night-Heron
298,3969,Nyctidromus albicollis_Common Pauraque
299,4010,Odontophorus gujanensis_Marbled Wood-Quail
300,4043,Oncostoma cinereigulare_Northern Bentbill
301,4056,Onychorhynchus coronatus_Royal Flycatcher
302,4188,Pachyramphus aglaiae_Rose-throated Becard
303,4191,Pachyramphus cinnamomeus_Cinnamon Becard
304,4197,Pachyramphus polychopterus_White-winged Becard
305,4204,Pachysylvia decurtata_Lesser Greenlet
306,4211,Pandion haliaetus_Osprey
307,4225,Pardirallus maculatus_Spotted Rail
308,4229,Parkesia motacilla_Louisiana Waterthrush
309,4230,Parkesia noveboracensis_Northern Waterthrush
310,4245,Passer domesticus_House Sparrow
311,4260,Passerina caerulea_Blue Grosbeak
312,4261,Passerina ciris_Painted Bunting
313,4262,Passerina cyanea_Indigo Bunting
314,4268,Patagioenas cayennensis_Pale-vented Pigeon
315,4275,Patagioenas nigrirostris_Short-billed Pigeon
316,4280,Patagioenas subvinacea_Ruddy Pigeon
317,4288,Pelecanus occidentalis_Brown Pelican
318,4310,Penelope purpurascens_Crested Guan
319,4346,Petrochelidon pyrrhonota_Cliff Swallow
320,4382,Phaenostictus mcleannani_Ocellated Antbird
321,4383,Phaeochroa cuvierii_Scaly-breasted Hummingbird
322,4385,Phaethon aethereus_Red-billed Tropicbird
323,4394,Phaethornis longirostris_Long-billed Hermit
324,4402,Phaethornis striigularis_Stripe-throated Hermit
325,4411,Phalaropus lobatus_Red-necked Phalarope
326,4412,Phalaropus tricolor_Wilson's Phalarope
327,4429,Pheucticus ludovicianus_Rose-breasted Grosbeak
328,4432,Pheugopedius atrogularis_Black-throated Wren
329,4436,Pheugopedius fasciatoventris_Black-bellied Wren
330,4441,Pheugopedius rutilus_Rufous-breasted Wren
331,4598,Piaya cayana_Squirrel Cuckoo
332,4624,Picumnus olivaceus_Olivaceous Piculet
333,4649,Pionus menstruus_Blue-headed Parrot
334,4650,Pionus senilis_White-crowned Parrot
335,4677,Piranga flava_Hepatic Tanager
336,4679,Piranga ludoviciana_Western Tanager
337,4680,Piranga olivacea_Scarlet Tanager
338,4682,Piranga rubra_Summer Tanager
339,4685,Pitangus sulphuratus_Great Kiskadee
340,4701,Platalea ajaja_Roseate Spoonbill
341,4725,Plegadis falcinellus_Glossy Ibis
342,4753,Pluvialis dominica_American Golden-Plover
343,4755,Pluvialis squatarola_Black-bellied Plover
344,4769,Podilymbus podiceps_Pied-billed Grebe
345,4794,Poecilotriccus sylvia_Slate-headed Tody-Flycatcher
346,4810,Poliocrania exsul_Chestnut-backed Antbird
347,4813,Polioptila bilineata_White-browed Gnatcatcher
348,4824,Polyerata amabilis_Blue-chested Hummingbird
349,4825,Polyerata decora_Charming Hummingbird
350,4854,Porphyrio martinica_Purple Gallinule
351,4859,Porzana carolina_Sora
352,4902,Procnias tricarunculatus_Three-wattled Bellbird
353,4903,Progne chalybea_Gray-breasted Martin
354,4905,Progne subis_Purple Martin
355,4911,Protonotaria citrea_Prothonotary Warbler
356,4925,Psarocolius decumanus_Crested Oropendola
357,4926,Psarocolius montezuma_Montezuma Oropendola
358,4941,Pseudastur albicollis_White Hawk
359,4999,Psilorhinus morio_Brown Jay
360,5002,Psittacara finschi_Crimson-fronted Parakeet
361,5065,Pteroglossus torquatus_Collared Aracari
362,5130,Pulsatrix perspicillata_Spectacled Owl
363,5169,Pyrilia haematotis_Brown-hooded Parrot
364,5202,Querula purpurata_Purple-throated Fruitcrow
365,5205,Quiscalus mexicanus_Great-tailed Grackle
366,5224,Ramphastos ambiguus_Yellow-throated Toucan
367,5231,Ramphocaenus melanurus_Long-billed Gnatwren
368,5239,Ramphocelus passerinii_Scarlet-rumped Tanager
369,5306,Rhynchocyclus brevirostris_Eye-ringed Flatbill
370,5319,Rhytipterna holerythra_Rufous Mourner
371,5325,Riparia riparia_Bank Swallow
372,5336,Rupornis magnirostris_Roadside Hawk
373,5337,Rynchops niger_Black Skimmer
374,5351,Saltator grossus_Slate-colored Grosbeak
375,5353,Saltator maximus_Buff-throated Saltator
376,5381,Sayornis nigricans_Black Phoebe
377,5394,Schiffornis veraepacis_Northern Schiffornis
378,5417,Sclerurus guatemalensis_Scaly-throated Leaftosser
379,5475,Seiurus aurocapilla_Ovenbird
380,5513,Setophaga americana_Northern Parula
381,5515,Setophaga castanea_Bay-breasted Warbler
382,5518,Setophaga citrina_Hooded Warbler
383,5519,Setophaga coronata_Yellow-rumped Warbler
384,5521,Setophaga dominica_Yellow-throated Warbler
385,5522,Setophaga fusca_Blackburnian Warbler
386,5525,Setophaga magnolia_Magnolia Warbler
387,5528,Setophaga palmarum_Palm Warbler
388,5529,Setophaga pensylvanica_Chestnut-sided Warbler
389,5530,Setophaga petechia_Yellow Warbler
390,5532,Setophaga pitiayumi_Tropical Parula
391,5534,Setophaga ruticilla_American Redstart
392,5535,Setophaga striata_Blackpoll Warbler
393,5536,Setophaga tigrina_Cape May Warbler
394,5591,Spatula clypeata_Northern Shoveler
395,5592,Spatula cyanoptera_Cinnamon Teal
396,5593,Spatula discors_Blue-winged Teal
397,5612,Sphyrapicus varius_Yellow-bellied Sapsucker
398,5631,Spiza americana_Dickcissel
399,5633,Spizaetus melanoleucus_Black-and-white Hawk-Eagle
400,5634,Spizaetus ornatus_Ornate Hawk-Eagle
401,5635,Spizaetus tyrannus_Black Hawk-Eagle
402,5639,Spizella passerina_Chipping Sparrow
403,5659,Sporophila corvina_Variable Seedeater
404,5664,Sporophila funerea_Thick-billed Seed-Finch
405,5674,Sporophila nigricollis_Yellow-bellied Seedeater
406,5697,Steatornis caripensis_Oilbird
407,5699,Stelgidopteryx ruficollis_Southern Rough-winged Swallow
408,5700,Stelgidopteryx serripennis_Northern Rough-winged Swallow
409,5709,Stercorarius parasiticus_Parasitic Jaeger
410,5710,Stercorarius pomarinus_Pomarine Jaeger
411,5716,Sterna hirundo_Common Tern
412,5724,Sternula antillarum_Least Tern
413,5733,Stilpnia larvata_Golden-hooded Tanager
414,5758,Streptoprocne rutila_Chestnut-collared Swift
415,5759,Streptoprocne zonaris_White-collared Swift
416,5776,Sturnella magna_Eastern Meadowlark
417,5784,Sublegatus arenarum_Northern Scrub-Flycatcher
418,5789,Sula dactylatra_Masked Booby
419,5790,Sula leucogaster_Brown Booby
420,5792,Sula sula_Red-footed Booby
421,5815,Synallaxis albescens_Pale-breasted Spinetail
422,5819,Synallaxis brachyura_Slaty Spinetail
423,5865,Tachybaptus dominicus_Least Grebe
424,5868,Tachycineta albilinea_Mangrove Swallow
425,5870,Tachycineta bicolor_Tree Swallow
426,5874,Tachycineta thalassina_Violet-green Swallow
427,5877,Tachyphonus delatrii_Tawny-crested Tanager
428,5901,Tangara gyrola_Bay-headed Tanager
429,5902,Tangara icterocephala_Silver-throated Tanager
430,5905,Tangara lavinia_Rufous-winged Tanager
431,5917,Tapera naevia_Striped Cuckoo
432,5918,Taraba major_Great Antshrike
433,5951,Terenotriccus erythrurus_Ruddy-tailed Flycatcher
434,5978,Thalasseus elegans_Elegant Tern
435,5979,Thalasseus maximus_Royal Tern
436,5980,Thalasseus sandvicensis_Sandwich Tern
437,5981,Thalurania colombica_Crowned Woodnymph
438,5984,Thamnistes anabatinus_Russet Antshrike
439,5994,Thamnophilus atrinucha_Black-crowned Antshrike
440,5996,Thamnophilus bridgesi_Black-hooded Antshrike
441,5999,Thamnophilus doliatus_Barred Antshrike
442,6030,Thraupis episcopus_Blue-gray Tanager
443,6032,Thraupis palmarum_Palm Tanager
444,6035,Threnetes ruckeri_Band-tailed Barbthroat
445,6050,Thryophilus pleurostictus_Banded Wren
446,6051,Thryophilus rufalbus_Rufous-and-white Wren
447,6059,Tigrisoma mexicanum_Bare-throated Tiger-Heron
448,6063,Tinamus major_Great Tinamou
449,6067,Tityra inquisitor_Black-crowned Tityra
450,6068,Tityra semifasciata_Masked Tityra
451,6084,Todirostrum cinereum_Common Tody-Flycatcher
452,6086,Todirostrum nigriceps_Black-headed Tody-Flycatcher
453,6094,Tolmomyias assimilis_Yellow-margined Flycatcher
454,6097,Tolmomyias sulphurescens_Yellow-olive Flycatcher
455,6152,Tringa flavipes_Lesser Yellowlegs
456,6155,Tringa incana_Wandering Tattler
457,6156,Tringa melanoleuca_Greater Yellowlegs
458,6159,Tringa semipalmata_Willet
459,6160,Tringa solitaria_Solitary Sandpiper
460,6180,Troglodytes aedon_House Wren
461,6187,Trogon bairdii_Baird's Trogon
462,6188,Trogon caligatus_Gartered Trogon
463,6192,Trogon collaris_Collared Trogon
464,6195,Trogon elegans_Elegant Trogon
465,6196,Trogon massena_Slaty-tailed Trogon
466,6203,Trogon rufus_Black-throated Trogon
467,6209,Tunchiornis ochraceiceps_Tawny-crowned Greenlet
468,6239,Turdus grayi_Clay-colored Thrush
469,6302,Tyrannulus elatus_Yellow-crowned Tyrannulet
470,6308,Tyrannus forficatus_Scissor-tailed Flycatcher
471,6309,Tyrannus melancholicus_Tropical Kingbird
472,6311,Tyrannus savana_Fork-tailed Flycatcher
473,6312,Tyrannus tyrannus_Eastern Kingbird
474,6315,Tyto alba_Barn Owl
475,6349,Vanellus chilensis_Southern Lapwing
476,6366,Vermivora chrysoptera_Golden-winged Warbler
477,6367,Vermivora cyanoptera_Blue-winged Warbler
478,6381,Vireo flavifrons_Yellow-throated Vireo
479,6382,Vireo flavoviridis_Yellow-green Vireo
480,6395,Vireo olivaceus_Red-eyed Vireo
481,6397,Vireo philadelphicus_Philadelphia Vireo
482,6400,Vireo solitarius_Blue-headed Vireo
483,6405,Vireolanius pulchellus_Green Shrike-Vireo
484,6406,Volatinia jacarina_Blue-black Grassquit
485,6414,Xema sabini_Sabine's Gull
486,6421,Xenops minutus_Plain Xenops
487,6435,Xiphorhynchus erythropygius_Spotted Woodcreeper
488,6439,Xiphorhynchus lachrymosus_Black-striped Woodcreeper
489,6444,Xiphorhynchus susurrans_Cocoa Woodcreeper
490,6469,Zenaida macroura_Mourning Dove
491,6483,Zimmerius parvus_Mistletoe Tyrannulet
492,6490,Zonotrichia leucophrys_White-crowned Sparrow
