species,NocturnalBias,TimeConcentration,HourlyEntropy,NocturnalBias_z,TimeConcentration_z,HourlyEntropy_z,SentinelProb
Amazilia tzacatl_Rufous-tailed Hummingbird,0.01,0.8149585982630982,1.3690391782339275,-0.3586129478089553,0.10253351479659549,0.07533407639627217,0.48117890455699835
Amazona autumnalis_Red-lored Parrot,0.0019230769230769232,0.9986737372044356,0.16965822711143796,-0.39631057363777344,1.0002405248182005,-1.6163906214896993,0.5971107943191196
Amazona farinosa_Mealy Parrot,0.0003208213025344883,0.900129441278659,0.8880990368149264,-0.40378882151633816,0.5187129503352896,-0.6030311374933082,0.529761203645696
Ara ambiguus_Great Green Macaw,0.0625,0.9914448613738107,0.693147181167214,-0.11357837992163669,0.9649172926386255,-0.8780103830693485,0.5852920183889309
Ara macao_Scarlet Macaw,0.0002955956251847473,0.6174395199796898,2.41802714078232,-0.4039065579534631,-0.8626251662451483,1.5549297314442945,0.36589401581350245
Arremon aurantiirostris_Orange-billed Sparrow,0.004577641084328732,0.7071552243226479,2.0184657332607987,-0.3839208596914592,-0.42423768679297236,0.9913490769461338,0.41320250003282005
Arremon brunneinucha_Chestnut-capped Brushfinch,0.015384615384615385,0.8989984271801588,1.4270610439096205,-0.3334811972564098,0.5131863547019208,0.15717381471221584,0.505337351545642
Arremonops conirostris_Black-striped Sparrow,0.043478260869565216,0.9923990743622957,0.6365141689021994,-0.20235902046052023,0.9695799660239154,-0.9578911461202699,0.583094310356843
Attila spadiceus_Bright-rumped Attila,0.0005246589716684155,0.7785704685883227,1.9645096786806646,-0.4028374448463307,-0.07527371044819961,0.9152441579474876,0.43614695677275633
Automolus exsertus_Chiriqui Foliage-gleaner,0.0005208333333333333,0.6894828758444581,1.584186206197025,-0.40285530034416556,-0.51059198074956,0.3787985765963964,0.42918389658619516
Automolus subulatus_Striped Woodhaunter,0.002583979328165375,0.7974066781898994,1.5791234064869584,-0.3932259272521252,0.016767683086445776,0.37165750661195646,0.4626041663980115
Baryphthengus martii_Rufous Motmot,0.0038314176245210726,0.3179244453727817,1.2250257661675885,-0.38740372717758015,-2.326177836053276,-0.12779658512661027,0.34091352312486495
Basileuterus delattrii_Chestnut-capped Warbler,0.043478260869565216,0.992399074362296,0.6365141689021994,-0.20235902046052023,0.969579966023917,-0.9578911461202699,0.583094310356843
Brotogeris jugularis_Orange-chinned Parakeet,0.03333333333333333,0.7236598554380979,1.039720771420635,-0.24970869541459145,-0.34358933557086,-0.38916895056368334,0.47752785823180716
Buteo plagiatus_Gray Hawk,0.015384615384615385,0.9477415407221629,1.5229550680598087,-0.3334811972564098,0.7513650642469644,0.29243216518269904,0.5151468994310615
Buteo platypterus_Broad-winged Hawk,0.002840909090909091,0.8202895124364918,2.01431156902413,-0.39202675252086233,0.12858253313474707,0.9854896356804795,0.4467812231816831
Cacicus uropygialis_Scarlet-rumped Cacique,0.002680965147453083,0.7924328228508185,2.1160495646174837,-0.3927732629031659,-0.007536600330023591,1.128990897475251,0.4330479919637075
Campylopterus hemileucurus_Violet Sabrewing,0.0078125,0.6156888833746719,2.062069541702031,-0.3688227214709269,-0.871179489864754,1.052852171182277,0.38510668568788303
Cantorchilus nigricapillus_Bay Wren,0.0017152658662092624,0.8746745079414322,1.4115115420617226,-0.397280495400093,0.39432977631848853,0.13524127001797714,0.4947442260193415
Cantorchilus semibadius_Riverside Wren,0.00018099547511312217,0.7362299809398344,1.7817718971830487,-0.40444143411065586,-0.2821665816008486,0.6574928422315895,0.43283935581183514
Ceratopipra mentalis_Red-capped Manakin,0.0002016942315449778,0.7780854492125336,2.2870516490187938,-0.40434482628516855,-0.07764371270359978,1.3701890333143563,0.419207995805573
Cercomacroides tyrannina_Dusky Antbird,0.0006257822277847309,0.7884005926186435,1.298234621717646,-0.4023654697346008,-0.02723971987860038,-0.024535624610196184,0.47409298312760106
Chiroxiphia lanceolata_Lance-tailed Manakin,0.02702702702702703,0.7211102550927979,0.5004024241459029,-0.2791422771427979,-0.3560477215042049,-1.1498765199592296,0.5034209412019033
Chlorestes eliciae_Blue-throated Goldentail,0.000244081034903588,0.9047887081660092,1.877534429872715,-0.40414699329383325,0.5414800264207905,0.792565724230927,0.4788746837723161
Chloroceryle aenea_American Pygmy Kingfisher,0.017241379310344827,0.9919817191223843,0.6615632387653153,-0.3248150763762217,0.9675405983011643,-0.9225594776400885,0.5742140062643298
Chloroceryle americana_Green Kingfisher,0.02702702702702703,0.9999999999999999,6.345133967657737e-10,-0.2791422771427979,1.006721185125074,-1.8556932481171526,0.6130731764052536
Chlorophanes spiza_Green Honeycreeper,0.0014992503748125937,0.9472675229696066,1.3194011316227692,-0.3982887099256425,0.7490488204044776,0.00531969995622516,0.5217093606487934
Chordeiles acutipennis_Lesser Nighthawk,0.7785692164756891,0.9791899866222489,1.1523850764096504,3.2285494493456253,0.9050349822595842,-0.2302561488039946,0.7442039221848304
Chordeiles minor_Common Nighthawk,0.26666666666666666,0.614169977510811,1.0397207714206351,0.8393338285290465,-0.8786014826815038,-0.38916895056368306,0.5121372224709831
Ciccaba nigrolineata_Black-and-white Owl,0.9173453117767072,0.7836356881875544,2.2371160710090603,3.876262602587041,-0.05052298403701887,1.2997549893659208,0.6816731609755317
Ciccaba virgata_Mottled Owl,0.7704159077109897,0.56537956586157,2.159689441099083,3.190495306678768,-1.1170113100466248,1.1905448656181672,0.5841393330246346
Claravis pretiosa_Blue Ground Dove,0.0007836990595611285,0.9831978149367206,0.837390004841431,-0.40162842054152526,0.9246188640975053,-0.6745561368816723,0.5577242310418311
Contopus sordidulus_Western Wood-Pewee,0.002840909090909091,0.7531403600094156,1.970823898804822,-0.39202675252086233,-0.19953558058283738,0.9241503541997529,0.4288577224951192
Contopus virens_Eastern Wood-Pewee,0.0625,1.0,6.345133967657737e-10,-0.11357837992163669,1.0067211851250746,-1.8556932481171526,0.6228445866467962
Crax rubra_Great Curassow,0.0058823529411764705,0.9154124509296784,1.664498457281826,-0.3778313452903136,0.5933919614228232,0.49207886387778194,0.4950197458225419
Crypturellus soui_Little Tinamou,0.4439805149617258,0.09202513583275047,2.3373528451662073,1.6669152037179489,-3.430013888442406,1.441138780995563,0.34142609864166995
Cyanerpes cyaneus_Red-legged Honeycreeper,0.02702702702702703,0.9945331891960679,0.5004024241459029,-0.2791422771427979,0.9800081204890745,-1.1498765199592296,0.5860592239917212
Cyanoloxia cyanoides_Blue-black Grosbeak,0.0005662514156285391,0.8563978604089093,1.5586509376719633,-0.4026433193885565,0.3050226310054457,0.3427811257684771,0.4810534908901076
Cyphorhinus phaeocephalus_Song Wren,0.017241379310344827,0.7238301014039461,1.6674619339320311,-0.3248150763762217,-0.34275744442759026,0.4962588424209366,0.4399581371291387
Dendrocincla anabatina_Tawny-winged Woodcreeper,0.006711409395973154,0.790219567053682,1.929729288860111,-0.37396186928735553,-0.018351469782316325,0.8661864799791442,0.44324409073098864
Dendrocincla fuliginosa_Plain-brown Woodcreeper,0.02702702702702703,0.2,1.0549201685668375,-0.2791422771427979,-2.9024047157436796,-0.36773022792835747,0.3229544603067918
Dysithamnus puncticeps_Spot-crowned Antvireo,0.005050505050505051,0.614242384048542,1.895069095865197,-0.38171384983200213,-0.8782476748414583,0.8172983394195382,0.39231653412926526
Empidonax flaviventris_Yellow-bellied Flycatcher,0.002369668246445498,0.7724268811947668,1.8500713292365352,-0.39422618674360504,-0.10529378120369985,0.7538290696398465,0.4407905298295609
Empidonax virescens_Acadian Flycatcher,0.0625,1.0000000000000002,6.345133967657737e-10,-0.11357837992163669,1.0067211851250757,-1.8556932481171526,0.6228445866467963
Epinecrophylla fulviventris_Checker-throated Stipplethroat,0.000864304235090752,0.8543271005554324,2.129864194623563,-0.40125220998237515,0.29490405478331333,1.1484764085229033,0.45044855887858665
Eucometis penicillata_Gray-headed Tanager,0.04741379310344827,0.6481303018941719,2.082623826614464,-0.18399061207316503,-0.7126575031203781,1.0818439534856432,0.40457492316806876
Euphonia hirundinacea_Yellow-throated Euphonia,0.0625,0.9999999999999997,6.345133967657737e-10,-0.11357837992163669,1.0067211851250728,-1.8556932481171526,0.6228445866467962
Euphonia imitans_Spot-crowned Euphonia,0.006134969325153374,0.8365720088145853,1.72897700110789,-0.37665230250004617,0.20814544353775544,0.5830257352385356,0.4676501095031103
Euphonia laniirostris_Thick-billed Euphonia,0.0625,0.7071067811865476,0.693147181167214,-0.11357837992163669,-0.42447439969053363,-0.8780103830693485,0.499297091102399
Florisuga mellivora_White-necked Jacobin,0.056338028169014086,0.6851950456036593,2.111630842931673,-0.14233830573000741,-0.5315440660656038,1.1227582983982232,0.4165665066490064
Formicarius analis_Black-faced Antthrush,0.00036886757654002215,0.8794204828797022,1.452164521058607,-0.403564573935585,0.4175205432635701,0.19258222457232813,0.4936507559698101
Galbula ruficauda_Rufous-tailed Jacamar,0.000333555703802535,0.8324306078659048,1.9006827831418673,-0.403729385925633,0.18790887139479406,0.8252164353366557,0.45568220912887025
Geotrygon montana_Ruddy Quail-Dove,0.001004016064257028,1.0,6.345133967657737e-10,-0.40060012945497503,1.0067211851250746,-1.8556932481171526,0.6058460283329166
Glaucidium brasilianum_Ferruginous Pygmy-Owl,0.043478260869565216,1.0,6.345133967657737e-10,-0.20235902046052023,1.0067211851250746,-1.8556932481171526,0.617616699659633
Glyphorynchus spirurus_Wedge-billed Woodcreeper,0.12429378531073447,0.4565270388076651,2.3588312799654525,0.17483330544479292,-1.6489091011484205,1.4714340750702357,0.35681061575685297
Gymnopithys bicolor_Bicolored Antbird,0.004424778761061947,0.5656018975569661,0.9173030630297054,-0.38463431785008645,-1.1159249068103037,-0.5618389104706819,0.4277923661761741
Habia atrimaxillaris_Black-cheeked Ant-Tanager,1.862717705131787e-05,0.7942254264539363,1.4763466998265107,-0.40519925974406873,0.0012227911386496473,0.22669114470489285,0.4663017148418687
Habia fuscicauda_Red-throated Ant-Tanager,0.004291845493562232,0.8307496729409523,1.765269884523693,-0.3852547606264606,0.1796951385787853,0.6342167827322853,0.4634347885373894
Habia rubica_Red-crowned Ant-Tanager,0.0625,0.9238795325112865,0.693147181167214,-0.11357837992163669,0.6347655713171148,-0.8780103830693485,0.5651274681943005
Herpetotheres cachinnans_Laughing Falcon,0.005529075309818875,0.4991291192940626,1.34269120678438,-0.37948020684734146,-1.4407379808230805,0.03817030953914628,0.38680078035805404
Hylopezus perspicillatus_Streak-chested Antpitta,0.0001321178491214163,0.8173679410008301,1.7021516913613837,-0.40466956188140324,0.11430654492176753,0.5451886835627238,0.4614841908005596
Hylophylax naevioides_Spotted Antbird,0.022970903522205207,0.8587087845489777,1.974213050157496,-0.2980735241961619,0.31631474776905094,0.9289307461534739,0.4663560878452855
Icterus chrysater_Yellow-backed Oriole,0.0625,1.0,6.345133967657737e-10,-0.11357837992163669,1.0067211851250746,-1.8556932481171526,0.6228445866467962
Klais guimeti_Violet-headed Hummingbird,0.015384615384615385,0.8573257305811605,1.6769877748251671,-0.3334811972564098,0.30955658265918384,0.5096950240544438,0.47940281104663407
Leiothlypis peregrina_Tennessee Warbler,0.0625,0.9914448613738104,0.693147181167214,-0.11357837992163669,0.9649172926386238,-0.8780103830693485,0.5852920183889306
Lepidothrix coronata_Blue-crowned Manakin,7.385524372230428e-05,0.6371155681256111,2.2805522514003647,-0.4049414924021263,-0.7664799794526964,1.3610216445358472,0.37824391255140016
Leptodon cayanensis_Gray-headed Kite,0.0078125,0.9918690693670342,0.6682484782718578,-0.3688227214709269,0.9669901457057074,-0.9131299592090042,0.5711418399300678
Leptotila cassinii_Gray-chested Dove,0.0035460992907801418,0.8185062972793894,0.9137812562591119,-0.38873540059888567,0.11986901743793342,-0.5668064126553874,0.5044509739494303
Leucopternis semiplumbeus_Semiplumbeous Hawk,0.004878048780487805,0.8121869920804091,2.0137660469395726,-0.38251875931015705,0.08899031790189796,0.9847201777506829,0.4449515179889273
Lipaugus unirufus_Rufous Piha,0.00010658708164570453,0.7323504149780277,2.288767236656429,-0.4047887222733316,-0.30112372133263293,1.3726088666252483,0.40555554408453237
Lophostrix cristata_Crested Owl,0.9730864832433359,0.862114370256637,2.0638528090199006,4.136424771422437,0.33295582689085,1.0553674665617387,0.7229295618940614
Lophotriccus pileatus_Scale-crested Pygmy-Tyrant,0.0076045627376425855,0.9538562611200356,1.2523578222061702,-0.3697932322752968,0.7812440791018329,-0.08924476870731662,0.5290296720362099
Loriotus luctuosus_White-shouldered Tanager,0.0008012820512820513,0.8911507904896588,1.7385017314434998,-0.40154635500288716,0.4748396048926193,0.5964603504326278,0.4822210636720032
Malacoptila panamensis_White-whiskered Puffbird,0.0003498950314905528,0.77167208530299,2.1453205874559713,-0.40365312497135486,-0.10898202141671706,1.1702776231164327,0.424653132455089
Manacus aurantiacus_Orange-collared Manakin,0.008264462809917356,0.8722701484431183,1.5992212570906563,-0.3667132641027509,0.3825810963311654,0.40000548913483874,0.4859951978295365
Manacus vitellinus_Golden-collared Manakin,0.0625,0.9914448613738105,0.693147181167214,-0.11357837992163669,0.9649172926386244,-0.8780103830693485,0.5852920183889306
Megaceryle torquata_Ringed Kingfisher,0.0011587485515643105,0.9941637981024836,0.4169531502334961,-0.3998779426327756,0.9782031251247234,-1.2675815723582586,0.5829070233625859
Megarynchus pitangua_Boat-billed Flycatcher,0.03333333333333333,0.7799058760344448,1.0397207714206351,-0.24970869541459145,-0.06874836565338824,-0.38916895056368306,0.4946904689183995
Megascops cooperi_Pacific Screech-Owl,0.20242914979757085,0.025441523446306284,1.7884343871430548,0.5395164535162231,-3.7553685431339745,0.6668902724677552,0.2882298953134797
Melanerpes chrysauchen_Golden-naped Woodpecker,0.015384615384615385,0.9615252079438675,1.3689223612944506,-0.3334811972564098,0.818717677428616,0.07516930631095467,0.5274807099084042
Melanerpes pucherani_Black-cheeked Woodpecker,0.013888888888888888,0.8132776329109302,1.5047882842098028,-0.3404622390765613,0.0943196333008169,0.26680794888057413,0.4746325881609481
Mesembrinibis cayennensis_Green Ibis,0.4109090909090909,0.9862557663952949,0.8749322754450702,1.5125601160578408,0.9395612606603951,-0.6216028309821118,0.669576613027349
Micrastur ruficollis_Barred Forest-Falcon,0.007042253521126761,0.7663920894868816,1.5671808553116122,-0.37241771219697317,-0.134782231918252,0.3548125594246663,0.45511568419469545
Micrastur semitorquatus_Collared Forest-Falcon,0.0012391573729863693,0.3277751951109141,1.314251677890339,-0.3995026485220807,-2.278043059872889,-0.0019435953726027642,0.3386995401788133
Microcerculus marginatus_Scaly-breasted Wren,0.0016135538523598225,0.7481356457790719,2.243340137007438,-0.39775521843557005,-0.22399065311319144,1.3085340233841565,0.41296621897637414
Microrhopias quixensis_Dot-winged Antwren,5.9024908511391805e-05,0.7519677495645628,2.0291791351635227,-0.40501071039793635,-0.20526543290984173,1.00646031127102,0.4246927981554805
Mionectes oleagineus_Ochre-bellied Flycatcher,0.13679245283018868,0.5720221935859244,2.2049538691822606,0.23316865010758767,-1.0845527249377462,1.2543902609050686,0.40107100801630047
Mionectes olivaceus_Olive-striped Flycatcher,0.08579881656804733,0.7419051681719278,1.5760783781092802,-0.0048352284923533365,-0.2544353048492788,0.36736249950227984,0.4700553761911868
Mitrephanes phaeocercus_Tufted Flycatcher,0.0625,0.9999999999999998,6.345133967657737e-10,-0.11357837992163669,1.0067211851250735,-1.8556932481171526,0.6228445866467962
Momotus lessonii_Lesson's Motmot,0.0058823529411764705,0.6168730995746433,1.1389488649094905,-0.3778313452903136,-0.8653929270903331,-0.24920790122224565,0.43206648525430896
Momotus subrufescens_Whooping Motmot,0.9609756097560975,0.9432488315041178,1.3060474673096774,4.079899387580848,0.7294118567852993,-0.013515619801516101,0.7692986349779918
Myiarchus crinitus_Great Crested Flycatcher,0.009345794392523364,0.9945331891960679,0.5004024241459029,-0.36166633806300286,0.9800081204890745,-1.1498765199592296,0.5810455435017112
Myiarchus tuberculifer_Dusky-capped Flycatcher,0.007407407407407408,0.9778240735372321,1.1630900737030803,-0.37071342029721793,0.898360574485866,-0.21515676916556617,0.5409543673490671
Myiobius sulphureipygius_Sulphur-rumped Flycatcher,0.002369668246445498,0.6784601211367391,1.791753096379663,-0.39422618674360504,-0.564453650658144,0.6715713059420805,0.41571094192297503
Myiornis atricapillus_Black-capped Pygmy-Tyrant,0.005483036854730677,0.44635764279736345,2.326260119007465,-0.3796950832844603,-1.6986009128234973,1.4254925104823726,0.32444953034520957
Myiothlypis fulvicauda_Buff-rumped Warbler,0.01785275696917598,0.4735517100568985,2.5225730702289217,-0.3219615780819807,-1.5657196219807281,1.70239157894382,0.3257921078187698
Myiozetetes similis_Social Flycatcher,0.0625,1.0,6.345133967657737e-10,-0.11357837992163669,1.0067211851250746,-1.8556932481171526,0.6228445866467962
Notharchus tectus_Pied Puffbird,0.043478260869565216,0.49120858606929996,0.6365141689021994,-0.20235902046052023,-1.4794409327950946,-0.9578911461202699,0.43124673431562544
Numenius phaeopus_Whimbrel,0.043478260869565216,1.0,6.345133967657737e-10,-0.20235902046052023,1.0067211851250746,-1.8556932481171526,0.617616699659633
Nyctibius griseus_Common Potoo,0.8516746411483254,0.7992563125727816,1.6270461371272629,3.5697562330575936,0.0258057501780236,0.43925243292662347,0.6969894457565469
Nyctidromus albicollis_Common Pauraque,0.6125574272588055,0.6226982719357274,1.976712433754792,2.453718458203536,-0.8369287618981601,0.9324561222711119,0.5657001579566397
Oncostoma cinereigulare_Northern Bentbill,0.02702702702702703,0.836295783157927,0.9502705398142157,-0.2791422771427979,0.20679569245159612,-0.5153383431145454,0.5147992023600115
Pachyramphus polychopterus_White-winged Becard,0.0625,0.9999999999999998,6.345133967657737e-10,-0.11357837992163669,1.0067211851250735,-1.8556932481171526,0.6228445866467962
Pachysylvia decurtata_Lesser Greenlet,0.002583979328165375,0.8679083469313841,1.8492577575083051,-0.3932259272521252,0.36126755725120424,0.7526815281645043,0.46981379947245616
Parkesia motacilla_Louisiana Waterthrush,0.22440944881889763,0.37304195879722835,2.244418754576059,0.6421056549014585,-2.0568512119045437,1.3100554115458594,0.3658192380529231
Parkesia noveboracensis_Northern Waterthrush,0.0625,6.123233995736769e-17,0.693147181167214,-0.11357837992163669,-3.8796861909608684,-0.8780103830693485,0.29595922433277705
Patagioenas nigrirostris_Short-billed Pigeon,5.711348449368896e-05,0.6703301994512733,2.383399494482748,-0.4050196316352359,-0.6041797599490056,1.5060874979405683,0.3826741944305026
Patagioenas subvinacea_Ruddy Pigeon,0.007042253521126761,0.7867319654675768,1.8605343778977135,-0.37241771219697317,-0.03539331189750967,0.7685871811629054,0.4459023795734645
Phaeochroa cuvierii_Scaly-breasted Hummingbird,0.043478260869565216,0.992399074362296,0.6365141689021994,-0.20235902046052023,0.969579966023917,-0.9578911461202699,0.583094310356843
Phaethornis longirostris_Long-billed Hermit,0.00641025641025641,0.7912146079860797,1.8726461580196858,-0.3753674481773189,-0.013489294430740957,0.7856708254783573,0.4464400803415175
Phaethornis striigularis_Stripe-throated Hermit,0.001040582726326743,0.6956072154995055,2.2706085439127714,-0.4004294609551782,-0.4806659622854806,1.3469960628142337,0.39596094704607054
Pheugopedius atrogularis_Black-throated Wren,0.03333333333333333,1.0,6.345133967657737e-10,-0.24970869541459145,1.0067211851250746,-1.8556932481171526,0.6148172351892575
Piaya cayana_Squirrel Cuckoo,0.012658227848101266,0.7958925386219268,1.4142790656536914,-0.34620613424504043,0.00936898033308069,0.1391448571210857,0.47375389213270924
Piranga rubra_Summer Tanager,0.012658227848101266,0.9999999999999999,6.345133967657737e-10,-0.34620613424504043,1.006721185125074,-1.8556932481171526,0.6090885867262853
Poliocrania exsul_Chestnut-backed Antbird,0.0001310272536687631,0.8126146547665482,1.8194639378474835,-0.4046746520449362,0.09108005200592444,0.7106573985354645,0.45388213817858125
Polioptila bilineata_White-browed Gnatcatcher,0.0625,1.0,6.345133967657737e-10,-0.11357837992163669,1.0067211851250746,-1.8556932481171526,0.6228445866467962
Polyerata amabilis_Blue-chested Hummingbird,0.043478260869565216,1.0,6.345133967657737e-10,-0.20235902046052023,1.0067211851250746,-1.8556932481171526,0.617616699659633
Polyerata decora_Charming Hummingbird,0.022727272727272728,0.6384414646283658,1.7917594697301642,-0.2992106283211205,-0.7600011090017093,0.6715802955416242,0.40961915795608234
Pteroglossus torquatus_Collared Aracari,0.02702702702702703,0.8942417431643647,1.3321790407644873,-0.2791422771427979,0.4899432588414344,0.02334291806899966,0.5122972215533326
Pulsatrix perspicillata_Spectacled Owl,0.9589713167978708,0.7516103677950141,2.364523383279709,4.070544700743921,-0.2070117458246431,1.479462776668868,0.6778620262019824
Pyrilia haematotis_Brown-hooded Parrot,0.00641025641025641,0.8475748032740275,0.8617901455983397,-0.3753674481773189,0.2619095795419313,-0.6401397817513657,0.5169076760820702
Querula purpurata_Purple-throated Fruitcrow,0.022727272727272728,0.42092563116295995,1.0114042652881867,-0.2992106283211205,-1.8228720820625501,-0.42910933208906066,0.3855268774385411
Ramphastos ambiguus_Yellow-throated Toucan,0.00010432968179447053,0.6517781413636174,1.6800033706439093,-0.40479925829232394,-0.6948326734301018,0.513948516592101,0.41289744732873795
Ramphocaenus melanurus_Long-billed Gnatwren,0.008978675645342313,0.8650752417853869,1.6520958258443503,-0.36337980060736175,0.3474238513685764,0.47458497429923074,0.48121466297872434
Ramphocelus passerinii_Scarlet-rumped Tanager,0.0024937655860349127,0.6867501534599022,1.766725035364084,-0.3936469841153716,-0.5239451755662492,0.6362692704039756,0.4194970399593782
Rhynchocyclus brevirostris_Eye-ringed Flatbill,0.0625,0.9999999999999998,6.345133967657737e-10,-0.11357837992163669,1.0067211851250735,-1.8556932481171526,0.6228445866467962
Rhytipterna holerythra_Rufous Mourner,0.0625,1.0,6.345133967657737e-10,-0.11357837992163669,1.0067211851250746,-1.8556932481171526,0.6228445866467962
Saltator grossus_Slate-colored Grosbeak,0.043478260869565216,0.9106836025229593,1.0986122892486567,-0.20235902046052023,0.570284881687839,-0.3061025694339719,0.5344196875423202
Saltator maximus_Buff-throated Saltator,0.0013315579227696406,0.8113497193882423,1.4753311930505457,-0.3990713851165818,0.08489906244309865,0.22525877420395848,0.47194651889735967
Schiffornis veraepacis_Northern Schiffornis,0.004166666666666667,0.9004349279327771,1.3605066510273396,-0.38583901090754624,0.5202056825752681,0.0632989619505579,0.5060239144232802
Seiurus aurocapilla_Ovenbird,0.9441624365482234,0.8636723623215075,1.786954297420658,4.001426842213113,0.3405688108085166,0.6648026085473615,0.7282532954772698
Setophaga petechia_Yellow Warbler,0.03333333333333333,1.0000000000000002,6.345133967657737e-10,-0.24970869541459145,1.0067211851250757,-1.8556932481171526,0.6148172351892576
Spizaetus tyrannus_Black Hawk-Eagle,0.0029585798816568047,0.9718240902256337,0.9431639942805687,-0.3914775446853609,0.8690422117756788,-0.5253621129473665,0.5493873095783883
Sporophila funerea_Thick-billed Seed-Finch,0.0047169811320754715,0.9917884838103095,0.673011667616566,-0.3832705143888112,0.9665963718469217,-0.9064114891119024,0.5699857928655472
Synallaxis brachyura_Slaty Spinetail,0.013888888888888888,0.9783292539891772,0.5004024241459029,-0.3404622390765613,0.9008290919725052,-1.1498765199592296,0.5775132233368067
Tachyphonus delatrii_Tawny-crested Tanager,0.005050505050505051,0.8557295164746157,1.5675455491077728,-0.38171384983200213,0.3017568302751511,0.3553269593753685,0.48168612182072257
Tangara lavinia_Rufous-winged Tanager,0.0625,0.9659258262890683,0.693147181167214,-0.11357837992163669,0.8402208913699442,-0.8780103830693485,0.5777057195672747
Taraba major_Great Antshrike,0.017241379310344827,0.7651161744985717,1.5595811567881839,-0.3248150763762217,-0.14101687232838822,0.3440931981770669,0.4580806406690708
Terenotriccus erythrurus_Ruddy-tailed Flycatcher,0.004048582995951417,0.6805438623538055,1.473166553932277,-0.3863901457880845,-0.5542716422052167,0.22220555457848565,0.4332762932352792
Thamnophilus atrinucha_Black-crowned Antshrike,0.02702702702702703,0.7098099495703099,1.3321790407644873,-0.2791422771427979,-0.4112656177613153,0.02334291806899966,0.45608757437753766
Thamnophilus bridgesi_Black-hooded Antshrike,5.36797466315959e-05,0.6620536708069419,2.4039660354953463,-0.4050356580061555,-0.6446222505650531,1.5350965674514148,0.37926267598285535
Thamnophilus doliatus_Barred Antshrike,0.0018018018018018018,0.9217097868138798,1.0350357846909468,-0.39687660405562364,0.6241633099370759,-0.3957771160114202,0.5290144277843449
Threnetes ruckeri_Band-tailed Barbthroat,0.0003473428273706148,0.5949018453519817,2.058969864205621,-0.40366503693771083,-0.9727534257858065,1.0484800815878488,0.3772172107067962
Thryophilus pleurostictus_Banded Wren,0.03333333333333333,0.993590551916835,0.5623351452263647,-0.24970869541459145,0.9754020107348571,-1.0625205270521851,0.5843851813486814
Tinamus major_Great Tinamou,0.04328252620747315,0.45618541961344256,1.6210048018723957,-0.20327257776235452,-1.6505783916988819,0.4307311402970357,0.3709665791009551
Todirostrum nigriceps_Black-headed Tody-Flycatcher,0.03333333333333333,0.9935905519168347,0.5623351452263647,-0.24970869541459145,0.9754020107348554,-1.0625205270521851,0.5843851813486812
Tolmomyias sulphurescens_Yellow-olive Flycatcher,0.004878048780487805,0.7363739530838457,1.3157643638408005,-0.38251875931015705,-0.28146307505440094,0.0001900454694881883,0.45858908569944973
Tringa solitaria_Solitary Sandpiper,0.27628865979381445,0.3370582326279312,1.9396524357702494,0.8842427985885781,-2.232682356877254,0.8801830610428346,0.3848204419079447
Trogon bairdii_Baird's Trogon,0.0001966955153422502,0.8799838146443227,1.714178251529657,-0.40436815691878236,0.4202732117533954,0.5621521252850877,0.47992416014777917
Trogon caligatus_Gartered Trogon,0.017241379310344827,0.803315942585055,1.2130075665347628,-0.3248150763762217,0.04564275621417614,-0.14474823432859843,0.48798210390327573
Trogon massena_Slaty-tailed Trogon,0.00043122035360068997,0.6943191062340599,2.3431184716392526,-0.40327355325399195,-0.48696018890135884,1.4492711868788706,0.3917530945377587
Trogon rufus_Black-throated Trogon,0.0008149959250203749,0.8119331886367106,1.659467031408866,-0.40148234789573417,0.0877501308825335,0.4849820466347677,0.46227673102008976
Tunchiornis ochraceiceps_Tawny-crowned Greenlet,0.0005246589716684155,0.9047809827176988,1.7193317601975044,-0.4028374448463307,0.541442276733183,0.569421140093108,0.4873122335843808
Tyrannus melancholicus_Tropical Kingbird,0.34782608695652173,0.9687525536434893,1.0122528647094522,1.2181312281616163,0.854033432764771,-0.4279123841150054,0.6415799130694857
Tyrannus savana_Fork-tailed Flycatcher,0.34782608695652173,0.17875060530798242,2.301705308919977,1.2181312281616163,-3.006237914704116,1.3908579945364368,0.34171624645314924
Tyrannus tyrannus_Eastern Kingbird,0.043478260869565216,0.8604845185609102,1.0986122892486567,-0.20235902046052023,0.3249917075429248,-0.3061025694339719,0.5191340408238664
Tyto alba_Barn Owl,0.9680232558139535,0.9680763697030177,1.0162627144038305,4.112793042941028,0.8507293225704595,-0.42225649825451905,0.7865441886377865
Vireo philadelphicus_Philadelphia Vireo,0.0625,0.9999999999999998,6.345133967657737e-10,-0.11357837992163669,1.0067211851250735,-1.8556932481171526,0.6228445866467962
Vireolanius pulchellus_Green Shrike-Vireo,0.00010517458981909971,0.8470341652401403,1.1952945662021697,-0.40479531483189124,0.25926780186535253,-0.16973238978668354,0.49726952219988013
Volatinia jacarina_Blue-black Grassquit,0.0625,0.9914448613738106,0.693147181167214,-0.11357837992163669,0.9649172926386249,-0.8780103830693485,0.5852920183889307
Xenops minutus_Plain Xenops,0.0030864197530864196,0.7258299050222012,1.487575783431258,-0.3908808744443223,-0.332985589276625,0.24252974715309644,0.4458763765247018
Xiphorhynchus lachrymosus_Black-striped Woodcreeper,0.002840909090909091,0.8756257589574069,1.4288195392831704,-0.39202675252086233,0.3989779762994566,0.1596541693082834,0.4944476483823549
Xiphorhynchus susurrans_Cocoa Woodcreeper,0.0017793594306049821,0.5803434631673121,1.7418902011020896,-0.39698134989807277,-1.043891611876854,0.6012397808580557,0.38926466637776913
Zimmerius parvus_Mistletoe Tyrannulet,0.013888888888888888,0.9795554957734409,1.0888999759257993,-0.3404622390765613,0.906821008871996,-0.31980177009787075,0.5472485922653412
