en_us_index,species,in_masterlist,field_detected,in_geo_allowlist
22,Accipiter bicolor_Bicolored Hawk,1,0,0
35,Accipiter striatus_Sharp-shinned Hawk,0,0,1
36,Accipiter superciliosus_Tiny Hawk,1,0,0
83,Actitis macularius_Spotted Sandpiper,1,0,1
187,Amaurolimnas concolor_Uniform Crake,1,0,0
195,Amazilia tzacatl_Rufous-tailed Hummingbird,1,1,1
203,Amazona autumnalis_Red-lored Parrot,1,1,1
206,Amazona farinosa_Mealy Parrot,1,1,1
221,Amblycercus holosericeus_Yellow-billed Cacique,1,0,0
258,Anas acuta_Northern Pintail,1,0,0
261,Anas crecca_Green-winged Teal,1,0,0
293,Anhinga anhinga_Anhinga,1,0,0
304,Anous stolidus_Brown Noddy,1,0,0
375,Antrostomus carolinensis_Chuck-will's-widow,1,0,0
378,Antrostomus rufus_Rufous Nightjar,1,0,0
434,Ara ambiguus_Great Green Macaw,0,1,1
438,Ara macao_Scarlet Macaw,1,1,1
448,Aramides cajaneus_Gray-cowled Wood-Rail,1,0,0
452,Aramus guarauna_Limpkin,1,0,0
466,Archilochus colubris_Ruby-throated Hummingbird,1,0,0
467,Ardea alba_Great Egret,1,0,0
470,Ardea herodias_Great Blue Heron,1,0,0
477,Ardenna creatopus_Pink-footed Shearwater,1,0,0
479,Ardenna pacifica_Wedge-tailed Shearwater,1,0,0
485,Arenaria interpres_Ruddy Turnstone,1,0,0
500,Arremon aurantiirostris_Orange-billed Sparrow,1,1,1
502,Arremon brunneinucha_Chestnut-capped Brushfinch,0,1,1
515,Arremonops conirostris_Black-striped Sparrow,1,1,1
533,Asio clamator_Striped Owl,1,0,0
605,Attila spadiceus_Bright-rumped Attila,1,1,1
616,Automolus exsertus_Chiriqui Foliage-gleaner,0,1,1
620,Automolus ochrolaemus_Buff-throated Foliage-gleaner,1,0,0
623,Automolus subulatus_Striped Woodhaunter,1,1,1
629,Aythya collaris_Ring-necked Duck,1,0,0
649,Bartramia longicauda_Upland Sandpiper,1,0,0
650,Baryphthengus martii_Rufous Motmot,0,1,1
654,Basileuterus delattrii_Chestnut-capped Warbler,0,1,1
694,Bolborhynchus lineola_Barred Parakeet,1,0,0
697,Bombycilla cedrorum_Cedar Waxwing,1,0,0
734,Brotogeris jugularis_Orange-chinned Parakeet,1,1,1
750,Bubulcus ibis_Cattle Egret,1,0,0
775,Busarellus nigricollis_Black-collared Hawk,1,0,0
779,Buteo albonotatus_Zone-tailed Hawk,1,0,0
782,Buteo brachyurus_Short-tailed Hawk,1,0,0
784,Buteo jamaicensis_Red-tailed Hawk,1,0,0
788,Buteo nitidus_Gray-lined Hawk,1,0,0
790,Buteo plagiatus_Gray Hawk,1,1,1
791,Buteo platypterus_Broad-winged Hawk,1,1,1
795,Buteo swainsoni_Swainson's Hawk,1,0,0
796,Buteogallus anthracinus_Common Black Hawk,1,0,0
798,Buteogallus meridionalis_Savanna Hawk,1,0,0
801,Buteogallus urubitinga_Great Black Hawk,1,0,0
804,Butorides virescens_Green Heron,1,0,0
823,Cacicus uropygialis_Scarlet-rumped Cacique,1,1,1
832,Cairina moschata_Muscovy Duck,1,0,0
852,Calidris alba_Sanderling,1,0,0
854,Calidris bairdii_Baird's Sandpiper,1,0,0
855,Calidris canutus_Red Knot,1,0,0
858,Calidris fuscicollis_White-rumped Sandpiper,1,0,0
859,Calidris himantopus_Stilt Sandpiper,1,0,0
861,Calidris mauri_Western Sandpiper,1,0,0
862,Calidris melanotos_Pectoral Sandpiper,1,0,0
864,Calidris minutilla_Least Sandpiper,1,0,1
867,Calidris pusilla_Semipalmated Sandpiper,1,0,0
874,Calidris virgata_Surfbird,1,0,0
909,Campephilus guatemalensis_Pale-billed Woodpecker,1,0,0
922,Camptostoma obsoletum_Southern Beardless-Tyrannulet,1,0,0
924,Campylopterus hemileucurus_Violet Sabrewing,1,1,1
928,Campylorhamphus pusillus_Brown-billed Scythebill,1,0,0
946,Cantorchilus elutus_Isthmian Wren,1,0,0
952,Cantorchilus nigricapillus_Bay Wren,0,1,1
953,Cantorchilus semibadius_Riverside Wren,1,1,1
955,Cantorchilus thoracicus_Stripe-breasted Wren,0,0,1
984,Capsiempis flaveola_Yellow Tyrannulet,1,0,0
985,Caracara plancus_Crested Caracara,1,0,0
986,Cardellina canadensis_Canada Warbler,1,0,1
987,Cardellina pusilla_Wilson's Warbler,1,0,0
1024,Cathartes aura_Turkey Vulture,1,0,0
1035,Catharus minimus_Gray-cheeked Thrush,1,0,0
1037,Catharus ustulatus_Swainson's Thrush,1,0,0
1084,Ceratopipra mentalis_Red-capped Manakin,1,1,1
1102,Cercomacroides tyrannina_Dusky Antbird,1,1,1
1165,Charadrius collaris_Collared Plover,1,0,0
1176,Charadrius nivosus_Snowy Plover,1,0,0
1179,Charadrius semipalmatus_Semipalmated Plover,1,0,0
1182,Charadrius vociferus_Killdeer,1,0,0
1183,Charadrius wilsonia_Wilson's Plover,1,0,0
1200,Chiroxiphia lanceolata_Lance-tailed Manakin,0,1,1
1201,Chiroxiphia linearis_Long-tailed Manakin,0,0,1
1208,Chlidonias niger_Black Tern,1,0,0
1212,Chlorestes eliciae_Blue-throated Goldentail,0,1,1
1219,Chloroceryle aenea_American Pygmy Kingfisher,1,1,1
1220,Chloroceryle amazona_Amazon Kingfisher,1,0,1
1221,Chloroceryle americana_Green Kingfisher,1,1,1
1230,Chlorophanes spiza_Green Honeycreeper,1,1,1
1234,Chlorophonia elegantissima_Elegant Euphonia,1,0,0
1264,Chondrohierax uncinatus_Hook-billed Kite,1,0,0
1265,Chordeiles acutipennis_Lesser Nighthawk,1,1,1
1267,Chordeiles minor_Common Nighthawk,1,1,1
1306,Ciccaba nigrolineata_Black-and-white Owl,1,1,1
1307,Ciccaba virgata_Mottled Owl,1,1,1
1371,Circus hudsonius_Northern Harrier,1,0,0
1419,Claravis pretiosa_Blue Ground Dove,1,1,1
1439,Coccyzus americanus_Yellow-billed Cuckoo,1,0,0
1445,Coccyzus minor_Mangrove Cuckoo,1,0,0
1447,Cochlearius cochlearius_Boat-billed Heron,1,0,0
1471,Colinus cristatus_Crested Bobwhite,1,0,0
1489,Columba livia_Rock Pigeon,1,0,0
1497,Columbina inca_Inca Dove,1,0,0
1498,Columbina minuta_Plain-breasted Ground Dove,1,0,0
1499,Columbina passerina_Common Ground Dove,1,0,0
1502,Columbina talpacoti_Ruddy Ground Dove,1,0,0
1533,Contopus cinereus_Tropical Pewee,1,0,0
1534,Contopus cooperi_Olive-sided Flycatcher,1,0,0
1539,Contopus sordidulus_Western Wood-Pewee,1,1,1
1540,Contopus virens_Eastern Wood-Pewee,1,1,1
1566,Coragyps atratus_Black Vulture,1,0,0
1567,Corapipo altera_White-ruffed Manakin,1,0,0
1667,Crax rubra_Great Curassow,1,1,1
1689,Crotophaga ani_Smooth-billed Ani,1,0,0
1703,Crypturellus cinnamomeus_Thicket Tinamou,0,0,1
1709,Crypturellus soui_Little Tinamou,1,1,1
1743,Cyanerpes cyaneus_Red-legged Honeycreeper,0,1,1
1776,Cyanoloxia cyanoides_Blue-black Grosbeak,1,1,1
1827,Cyphorhinus phaeocephalus_Song Wren,0,1,1
1851,Deconychura longicauda_Long-tailed Woodcreeper,1,0,0
1857,Dendrocincla anabatina_Tawny-winged Woodcreeper,1,1,1
1858,Dendrocincla fuliginosa_Plain-brown Woodcreeper,0,1,1
1859,Dendrocincla homochroa_Ruddy Woodcreeper,1,0,0
1870,Dendrocolaptes sanctithomae_Northern Barred-Woodcreeper,1,0,1
1947,Dives dives_Melodious Blackbird,1,0,0
1950,Dolichonyx oryzivorus_Bobolink,1,0,0
1982,Dryobates kirkii_Red-rumped Woodpecker,1,0,0
1996,Dryocopus lineatus_Lineated Woodpecker,1,0,0
2031,Dumetella carolinensis_Gray Catbird,1,0,0
2035,Dysithamnus mentalis_Plain Antvireo,1,0,0
2038,Dysithamnus puncticeps_Spot-crowned Antvireo,0,1,1
2045,Egretta caerulea_Little Blue Heron,1,0,0
2050,Egretta rufescens_Reddish Egret,1,0,0
2052,Egretta thula_Snowy Egret,1,0,0
2053,Egretta tricolor_Tricolored Heron,1,0,0
2057,Elaenia chiriquensis_Lesser Elaenia,1,0,0
2060,Elaenia flavogaster_Yellow-bellied Elaenia,1,0,0
2073,Elanoides forficatus_Swallow-tailed Kite,1,0,0
2075,Elanus leucurus_White-tailed Kite,1,0,0
2128,Empidonax alnorum_Alder Flycatcher,1,0,1
2132,Empidonax flaviventris_Yellow-bellied Flycatcher,1,1,1
2135,Empidonax minimus_Least Flycatcher,1,0,0
2138,Empidonax traillii_Willow Flycatcher,1,0,0
2139,Empidonax virescens_Acadian Flycatcher,1,1,1
2161,Epinecrophylla fulviventris_Checker-throated Stipplethroat,0,1,1
2204,Eucometis penicillata_Gray-headed Tanager,1,1,1
2205,Eudocimus albus_White Ibis,1,0,0
2240,Euphonia hirundinacea_Yellow-throated Euphonia,1,1,1
2241,Euphonia imitans_Spot-crowned Euphonia,1,1,1
2242,Euphonia laniirostris_Thick-billed Euphonia,1,1,1
2243,Euphonia luteicapilla_Yellow-crowned Euphonia,1,0,1
2245,Euphonia minuta_White-vented Euphonia,1,0,0
2269,Eupsittula pertinax_Brown-throated Parakeet,1,0,0
2280,Eurypyga helias_Sunbittern,1,0,0
2286,Eutoxeres aquila_White-tipped Sicklebill,1,0,0
2289,Falco columbarius_Merlin,1,0,0
2294,Falco peregrinus_Peregrine Falcon,1,0,0
2295,Falco rufigularis_Bat Falcon,1,0,0
2297,Falco sparverius_American Kestrel,1,0,0
2327,Florisuga mellivora_White-necked Jacobin,1,1,1
2331,Formicarius analis_Black-faced Antthrush,1,1,1
2368,Fregata magnificens_Magnificent Frigatebird,1,0,0
2373,Fulica americana_American Coot,1,0,0
2399,Galbula ruficauda_Rufous-tailed Jacamar,1,1,1
2408,Gallinago delicata_Wilson's Snipe,1,0,0
2421,Gallinula galeata_Common Gallinule,1,0,0
2432,Gampsonyx swainsonii_Pearl Kite,1,0,0
2456,Gelochelidon nilotica_Gull-billed Tern,1,0,0
2481,Geothlypis formosa_Kentucky Warbler,1,0,0
2483,Geothlypis philadelphia_Mourning Warbler,1,0,0
2484,Geothlypis poliocephala_Gray-crowned Yellowthroat,1,0,0
2489,Geothlypis trichas_Common Yellowthroat,1,0,0
2491,Geotrygon montana_Ruddy Quail-Dove,1,1,1
2493,Geranoaetus albicaudatus_White-tailed Hawk,1,0,0
2496,Geranospiza caerulescens_Crane Hawk,1,0,1
2513,Glaucidium brasilianum_Ferruginous Pygmy-Owl,1,1,1
2539,Glyphorynchus spirurus_Wedge-billed Woodcreeper,1,1,1
2615,Gymnocichla nudiceps_Bare-crowned Antbird,1,0,0
2619,Gymnopithys bicolor_Bicolored Antbird,1,1,1
2632,Habia atrimaxillaris_Black-cheeked Ant-Tanager,1,1,1
2634,Habia fuscicauda_Red-throated Ant-Tanager,0,1,1
2636,Habia rubica_Red-crowned Ant-Tanager,0,1,1
2644,Haematopus palliatus_American Oystercatcher,1,0,0
2687,Harpagus bidentatus_Double-toothed Kite,1,0,1
2689,Harpia harpyja_Harpy Eagle,1,0,0
2703,Heliomaster longirostris_Long-billed Starthroat,1,0,1
2704,Heliornis fulica_Sungrebe,1,0,0
2707,Helmitheros vermivorum_Worm-eating Warbler,1,0,0
2746,Henicorhina leucophrys_Gray-breasted Wood-Wren,0,0,1
2748,Henicorhina leucosticta_White-breasted Wood-Wren,1,0,1
2750,Herpetotheres cachinnans_Laughing Falcon,1,1,1
2791,Himantopus mexicanus_Black-necked Stilt,1,0,1
2802,Hirundo rustica_Barn Swallow,1,0,0
2828,Hydroprogne caspia_Caspian Tern,1,0,0
2850,Hylocichla mustelina_Wood Thrush,1,0,0
2855,Hylopezus perspicillatus_Streak-chested Antpitta,1,1,1
2859,Hylophilus flavipes_Scrub Greenlet,1,0,0
2865,Hylophylax naevioides_Spotted Antbird,0,1,1
2899,Ibycter americanus_Red-throated Caracara,1,0,0
2902,Icteria virens_Yellow-breasted Chat,1,0,0
2908,Icterus chrysater_Yellow-backed Oriole,0,1,1
2911,Icterus galbula_Baltimore Oriole,1,0,0
2926,Icterus spurius_Orchard Oriole,1,0,0
2929,Ictinia mississippiensis_Mississippi Kite,1,0,0
2930,Ictinia plumbea_Plumbeous Kite,1,0,0
2974,Ixobrychus exilis_Least Bittern,1,0,0
2983,Ixothraupis guttata_Speckled Tanager,1,0,0
2990,Jacana jacana_Wattled Jacana,1,0,0
2991,Jacana spinosa_Northern Jacana,1,0,0
3002,Klais guimeti_Violet-headed Hummingbird,1,1,1
3088,Larosterna inca_Inca Tern,1,0,0
3089,Larus argentatus_Herring Gull,1,0,0
3096,Larus delawarensis_Ring-billed Gull,1,0,0
3113,Laterallus albigularis_White-throated Crake,1,0,1
3114,Laterallus exilis_Gray-breasted Crake,1,0,0
3125,Legatus leucophaius_Piratic Flycatcher,1,0,0
3131,Leiothlypis peregrina_Tennessee Warbler,1,1,1
3138,Leistes militaris_Red-breasted Meadowlark,1,0,0
3149,Lepidocolaptes souleyetii_Streak-headed Woodcreeper,1,0,0
3151,Lepidothrix coronata_Blue-crowned Manakin,1,1,1
3172,Leptodon cayanensis_Gray-headed Kite,1,1,1
3181,Leptotila cassinii_Gray-chested Dove,1,1,1
3187,Leptotila plumbeiceps_Gray-headed Dove,0,0,1
3189,Leptotila verreauxi_White-tipped Dove,1,0,0
3196,Leucophaeus atricilla_Laughing Gull,1,0,0
3198,Leucophaeus pipixcan_Franklin's Gull,1,0,0
3202,Leucopternis semiplumbeus_Semiplumbeous Hawk,0,1,1
3217,Limnodromus griseus_Short-billed Dowitcher,1,0,0
3218,Limnodromus scolopaceus_Long-billed Dowitcher,1,0,0
3222,Limosa fedoa_Marbled Godwit,1,0,0
3237,Lipaugus unirufus_Rufous Piha,1,1,1
3262,Lonchura malacca_Tricolored Munia,1,0,0
3278,Lophostrix cristata_Crested Owl,1,1,1
3281,Lophotriccus pileatus_Scale-crested Pygmy-Tyrant,1,1,1
3290,Loriotus luctuosus_White-shouldered Tanager,0,1,1
3305,Lurocalis semitorquatus_Short-tailed Nighthawk,1,0,0
3362,Malacoptila panamensis_White-whiskered Puffbird,1,1,1
3381,Manacus aurantiacus_Orange-collared Manakin,1,1,1
3382,Manacus candei_White-collared Manakin,0,0,1
3384,Manacus vitellinus_Golden-collared Manakin,0,1,1
3388,Mareca americana_American Wigeon,1,0,0
3403,Megaceryle alcyon_Belted Kingfisher,1,0,0
3406,Megaceryle torquata_Ringed Kingfisher,1,1,1
3412,Megarynchus pitangua_Boat-billed Flycatcher,1,1,1
3416,Megascops centralis_Choco Screech-Owl,1,0,0
3417,Megascops choliba_Tropical Screech-Owl,1,0,0
3419,Megascops cooperi_Pacific Screech-Owl,0,1,1
3421,Megascops guatemalae_Middle American Screech-Owl,1,0,0
3446,Melanerpes chrysauchen_Golden-naped Woodpecker,1,1,1
3456,Melanerpes pucherani_Black-cheeked Woodpecker,0,1,1
3459,Melanerpes rubricapillus_Red-crowned Woodpecker,1,0,0
3544,Mesembrinibis cayennensis_Green Ibis,1,1,1
3556,Micrastur ruficollis_Barred Forest-Falcon,1,1,1
3557,Micrastur semitorquatus_Collared Forest-Falcon,1,1,1
3564,Microcerculus marginatus_Scaly-breasted Wren,1,1,1
3575,Microrhopias quixensis_Dot-winged Antwren,1,1,1
3582,Milvago chimachima_Yellow-headed Caracara,1,0,0
3587,Mimus gilvus_Tropical Mockingbird,1,0,0
3600,Mionectes oleagineus_Ochre-bellied Flycatcher,1,1,1
3601,Mionectes olivaceus_Olive-striped Flycatcher,0,1,1
3616,Mitrephanes phaeocercus_Tufted Flycatcher,0,1,1
3626,Mniotilta varia_Black-and-white Warbler,1,0,1
3631,Molothrus aeneus_Bronzed Cowbird,1,0,0
3633,Molothrus bonariensis_Shiny Cowbird,1,0,0
3634,Molothrus oryzivorus_Giant Cowbird,1,0,0
3638,Momotus lessonii_Lesson's Motmot,1,1,1
3641,Momotus subrufescens_Whooping Motmot,0,1,1
3662,Morphnarchus princeps_Barred Hawk,1,0,0
3707,Mycteria americana_Wood Stork,1,0,0
3724,Myiarchus crinitus_Great Crested Flycatcher,1,1,1
3727,Myiarchus panamensis_Panama Flycatcher,1,0,0
3732,Myiarchus tuberculifer_Dusky-capped Flycatcher,1,1,1
3736,Myiobius atricaudus_Black-tailed Flycatcher,1,0,0
3738,Myiobius sulphureipygius_Sulphur-rumped Flycatcher,1,1,1
3751,Myiodynastes luteiventris_Sulphur-bellied Flycatcher,1,0,0
3752,Myiodynastes maculatus_Streaked Flycatcher,1,0,1
3759,Myiopagis viridicata_Greenish Elaenia,1,0,1
3761,Myiophobus fasciatus_Bran-colored Flycatcher,1,0,0
3766,Myiornis atricapillus_Black-capped Pygmy-Tyrant,0,1,1
3781,Myiothlypis fulvicauda_Buff-rumped Warbler,1,1,1
3789,Myiozetetes cayanensis_Rusty-margined Flycatcher,1,0,0
3790,Myiozetetes granadensis_Gray-capped Flycatcher,1,0,0
3792,Myiozetetes similis_Social Flycatcher,1,1,1
3842,Myrmotherula schisticolor_Slaty Antwren,1,0,0
3858,Nannopterum brasilianum_Neotropic Cormorant,1,0,0
3933,Notharchus hyperrhynchus_White-necked Puffbird,1,0,1
3938,Notharchus tectus_Pied Puffbird,0,1,1
3958,Numenius phaeopus_Whimbrel,1,1,1
3961,Nyctanassa violacea_Yellow-crowned Night-Heron,1,0,0
3964,Nyctibius grandis_Great Potoo,1,0,0
3965,Nyctibius griseus_Common Potoo,1,1,1
3968,Nycticorax nycticorax_Black-crowned Night-Heron,0,0,1
3969,Nyctidromus albicollis_Common Pauraque,1,1,1
4010,Odontophorus gujanensis_Marbled Wood-Quail,1,0,0
4043,Oncostoma cinereigulare_Northern Bentbill,1,1,1
4056,Onychorhynchus coronatus_Royal Flycatcher,1,0,1
4188,Pachyramphus aglaiae_Rose-throated Becard,1,0,0
4191,Pachyramphus cinnamomeus_Cinnamon Becard,1,0,0
4197,Pachyramphus polychopterus_White-winged Becard,1,1,1
4204,Pachysylvia decurtata_Lesser Greenlet,1,1,1
4211,Pandion haliaetus_Osprey,1,0,0
4225,Pardirallus maculatus_Spotted Rail,1,0,0
4229,Parkesia motacilla_Louisiana Waterthrush,1,1,1
4230,Parkesia noveboracensis_Northern Waterthrush,1,1,1
4245,Passer domesticus_House Sparrow,1,0,0
4260,Passerina caerulea_Blue Grosbeak,1,0,1
4261,Passerina ciris_Painted Bunting,1,0,0
4262,Passerina cyanea_Indigo Bunting,1,0,1
4268,Patagioenas cayennensis_Pale-vented Pigeon,1,0,0
4275,Patagioenas nigrirostris_Short-billed Pigeon,1,1,1
4280,Patagioenas subvinacea_Ruddy Pigeon,0,1,1
4288,Pelecanus occidentalis_Brown Pelican,1,0,0
4310,Penelope purpurascens_Crested Guan,1,0,1
4346,Petrochelidon pyrrhonota_Cliff Swallow,1,0,0
4382,Phaenostictus mcleannani_Ocellated Antbird,0,0,1
4383,Phaeochroa cuvierii_Scaly-breasted Hummingbird,1,1,1
4385,Phaethon aethereus_Red-billed Tropicbird,1,0,0
4394,Phaethornis longirostris_Long-billed Hermit,1,1,1
4402,Phaethornis striigularis_Stripe-throated Hermit,1,1,1
4411,Phalaropus lobatus_Red-necked Phalarope,1,0,0
4412,Phalaropus tricolor_Wilson's Phalarope,1,0,0
4429,Pheucticus ludovicianus_Rose-breasted Grosbeak,1,0,1
4432,Pheugopedius atrogularis_Black-throated Wren,0,1,1
4436,Pheugopedius fasciatoventris_Black-bellied Wren,1,0,1
4441,Pheugopedius rutilus_Rufous-breasted Wren,1,0,0
4598,Piaya cayana_Squirrel Cuckoo,1,1,1
4624,Picumnus olivaceus_Olivaceous Piculet,1,0,0
4649,Pionus menstruus_Blue-headed Parrot,1,0,1
4650,Pionus senilis_White-crowned Parrot,1,0,0
4677,Piranga flava_Hepatic Tanager,0,0,1
4679,Piranga ludoviciana_Western Tanager,1,0,0
4680,Piranga olivacea_Scarlet Tanager,1,0,0
4682,Piranga rubra_Summer Tanager,1,1,1
4685,Pitangus sulphuratus_Great Kiskadee,1,0,0
4701,Platalea ajaja_Roseate Spoonbill,1,0,0
4725,Plegadis falcinellus_Glossy Ibis,1,0,0
4753,Pluvialis dominica_American Golden-Plover,1,0,0
4755,Pluvialis squatarola_Black-bellied Plover,1,0,0
4769,Podilymbus podiceps_Pied-billed Grebe,1,0,0
4794,Poecilotriccus sylvia_Slate-headed Tody-Flycatcher,1,0,0
4810,Poliocrania exsul_Chestnut-backed Antbird,1,1,1
4813,Polioptila bilineata_White-browed Gnatcatcher,0,1,1
4824,Polyerata amabilis_Blue-chested Hummingbird,0,1,1
4825,Polyerata decora_Charming Hummingbird,0,1,1
4854,Porphyrio martinica_Purple Gallinule,0,0,1
4859,Porzana carolina_Sora,1,0,0
4902,Procnias tricarunculatus_Three-wattled Bellbird,1,0,0
4903,Progne chalybea_Gray-breasted Martin,1,0,0
4905,Progne subis_Purple Martin,1,0,0
4911,Protonotaria citrea_Prothonotary Warbler,1,0,0
4925,Psarocolius decumanus_Crested Oropendola,1,0,1
4926,Psarocolius montezuma_Montezuma Oropendola,1,0,0
4941,Pseudastur albicollis_White Hawk,1,0,0
4999,Psilorhinus morio_Brown Jay,1,0,0
5002,Psittacara finschi_Crimson-fronted Parakeet,1,0,0
5065,Pteroglossus torquatus_Collared Aracari,0,1,1
5130,Pulsatrix perspicillata_Spectacled Owl,1,1,1
5169,Pyrilia haematotis_Brown-hooded Parrot,1,1,1
5202,Querula purpurata_Purple-throated Fruitcrow,0,1,1
5205,Quiscalus mexicanus_Great-tailed Grackle,1,0,0
5224,Ramphastos ambiguus_Yellow-throated Toucan,1,1,1
5231,Ramphocaenus melanurus_Long-billed Gnatwren,1,1,1
5239,Ramphocelus passerinii_Scarlet-rumped Tanager,0,1,1
5306,Rhynchocyclus brevirostris_Eye-ringed Flatbill,1,1,1
5319,Rhytipterna holerythra_Rufous Mourner,1,1,1
5325,Riparia riparia_Bank Swallow,1,0,0
5336,Rupornis magnirostris_Roadside Hawk,1,0,0
5337,Rynchops niger_Black Skimmer,1,0,0
5351,Saltator grossus_Slate-colored Grosbeak,0,1,1
5353,Saltator maximus_Buff-throated Saltator,0,1,1
5381,Sayornis nigricans_Black Phoebe,0,0,1
5394,Schiffornis veraepacis_Northern Schiffornis,1,1,1
5417,Sclerurus guatemalensis_Scaly-throated Leaftosser,1,0,1
5475,Seiurus aurocapilla_Ovenbird,1,1,1
5513,Setophaga americana_Northern Parula,1,0,0
5515,Setophaga castanea_Bay-breasted Warbler,1,0,0
5518,Setophaga citrina_Hooded Warbler,1,0,0
5519,Setophaga coronata_Yellow-rumped Warbler,1,0,0
5521,Setophaga dominica_Yellow-throated Warbler,1,0,0
5522,Setophaga fusca_Blackburnian Warbler,1,0,0
5525,Setophaga magnolia_Magnolia Warbler,1,0,0
5528,Setophaga palmarum_Palm Warbler,0,0,1
5529,Setophaga pensylvanica_Chestnut-sided Warbler,1,0,0
5530,Setophaga petechia_Yellow Warbler,1,1,1
5532,Setophaga pitiayumi_Tropical Parula,1,0,0
5534,Setophaga ruticilla_American Redstart,1,0,0
5535,Setophaga striata_Blackpoll Warbler,1,0,0
5536,Setophaga tigrina_Cape May Warbler,1,0,0
5591,Spatula clypeata_Northern Shoveler,1,0,0
5592,Spatula cyanoptera_Cinnamon Teal,1,0,0
5593,Spatula discors_Blue-winged Teal,1,0,0
5612,Sphyrapicus varius_Yellow-bellied Sapsucker,1,0,0
5631,Spiza americana_Dickcissel,1,0,0
5633,Spizaetus melanoleucus_Black-and-white Hawk-Eagle,1,0,0
5634,Spizaetus ornatus_Ornate Hawk-Eagle,1,0,0
5635,Spizaetus tyrannus_Black Hawk-Eagle,1,1,1
5639,Spizella passerina_Chipping Sparrow,1,0,0
5659,Sporophila corvina_Variable Seedeater,0,0,1
5664,Sporophila funerea_Thick-billed Seed-Finch,0,1,1
5674,Sporophila nigricollis_Yellow-bellied Seedeater,0,0,1
5697,Steatornis caripensis_Oilbird,1,0,0
5699,Stelgidopteryx ruficollis_Southern Rough-winged Swallow,1,0,0
5700,Stelgidopteryx serripennis_Northern Rough-winged Swallow,1,0,0
5709,Stercorarius parasiticus_Parasitic Jaeger,1,0,0
5710,Stercorarius pomarinus_Pomarine Jaeger,1,0,0
5716,Sterna hirundo_Common Tern,1,0,1
5724,Sternula antillarum_Least Tern,1,0,0
5733,Stilpnia larvata_Golden-hooded Tanager,1,0,1
5758,Streptoprocne rutila_Chestnut-collared Swift,1,0,0
5759,Streptoprocne zonaris_White-collared Swift,1,0,0
5776,Sturnella magna_Eastern Meadowlark,1,0,0
5784,Sublegatus arenarum_Northern Scrub-Flycatcher,1,0,0
5789,Sula dactylatra_Masked Booby,1,0,0
5790,Sula leucogaster_Brown Booby,1,0,0
5792,Sula sula_Red-footed Booby,1,0,0
5815,Synallaxis albescens_Pale-breasted Spinetail,1,0,0
5819,Synallaxis brachyura_Slaty Spinetail,1,1,1
5865,Tachybaptus dominicus_Least Grebe,1,0,1
5868,Tachycineta albilinea_Mangrove Swallow,1,0,0
5870,Tachycineta bicolor_Tree Swallow,1,0,0
5874,Tachycineta thalassina_Violet-green Swallow,1,0,0
5877,Tachyphonus delatrii_Tawny-crested Tanager,0,1,1
5901,Tangara gyrola_Bay-headed Tanager,1,0,1
5902,Tangara icterocephala_Silver-throated Tanager,1,0,0
5905,Tangara lavinia_Rufous-winged Tanager,0,1,1
5917,Tapera naevia_Striped Cuckoo,1,0,0
5918,Taraba major_Great Antshrike,1,1,1
5951,Terenotriccus erythrurus_Ruddy-tailed Flycatcher,1,1,1
5978,Thalasseus elegans_Elegant Tern,1,0,0
5979,Thalasseus maximus_Royal Tern,1,0,0
5980,Thalasseus sandvicensis_Sandwich Tern,1,0,0
5981,Thalurania colombica_Crowned Woodnymph,1,0,0
5984,Thamnistes anabatinus_Russet Antshrike,1,0,1
5994,Thamnophilus atrinucha_Black-crowned Antshrike,0,1,1
5996,Thamnophilus bridgesi_Black-hooded Antshrike,1,1,1
5999,Thamnophilus doliatus_Barred Antshrike,1,1,1
6030,Thraupis episcopus_Blue-gray Tanager,1,0,0
6032,Thraupis palmarum_Palm Tanager,1,0,0
6035,Threnetes ruckeri_Band-tailed Barbthroat,1,1,1
6050,Thryophilus pleurostictus_Banded Wren,0,1,1
6051,Thryophilus rufalbus_Rufous-and-white Wren,0,0,1
6059,Tigrisoma mexicanum_Bare-throated Tiger-Heron,1,0,1
6063,Tinamus major_Great Tinamou,1,1,1
6067,Tityra inquisitor_Black-crowned Tityra,1,0,1
6068,Tityra semifasciata_Masked Tityra,1,0,0
6084,Todirostrum cinereum_Common Tody-Flycatcher,1,0,1
6086,Todirostrum nigriceps_Black-headed Tody-Flycatcher,0,1,1
6094,Tolmomyias assimilis_Yellow-margined Flycatcher,0,0,1
6097,Tolmomyias sulphurescens_Yellow-olive Flycatcher,1,1,1
6152,Tringa flavipes_Lesser Yellowlegs,1,0,0
6155,Tringa incana_Wandering Tattler,1,0,0
6156,Tringa melanoleuca_Greater Yellowlegs,1,0,0
6159,Tringa semipalmata_Willet,1,0,0
6160,Tringa solitaria_Solitary Sandpiper,1,1,1
6180,Troglodytes aedon_House Wren,1,0,0
6187,Trogon bairdii_Baird's Trogon,1,1,1
6188,Trogon caligatus_Gartered Trogon,1,1,1
6192,Trogon collaris_Collared Trogon,0,0,1
6195,Trogon elegans_Elegant Trogon,0,0,1
6196,Trogon massena_Slaty-tailed Trogon,1,1,1
6203,Trogon rufus_Black-throated Trogon,1,1,1
6209,Tunchiornis ochraceiceps_Tawny-crowned Greenlet,1,1,1
6239,Turdus grayi_Clay-colored Thrush,1,0,0
6302,Tyrannulus elatus_Yellow-crowned Tyrannulet,1,0,0
6308,Tyrannus forficatus_Scissor-tailed Flycatcher,1,0,0
6309,Tyrannus melancholicus_Tropical Kingbird,1,1,1
6311,Tyrannus savana_Fork-tailed Flycatcher,1,1,1
6312,Tyrannus tyrannus_Eastern Kingbird,1,1,1
6315,Tyto alba_Barn Owl,1,1,1
6349,Vanellus chilensis_Southern Lapwing,1,0,0
6366,Vermivora chrysoptera_Golden-winged Warbler,1,0,0
6367,Vermivora cyanoptera_Blue-winged Warbler,1,0,0
6381,Vireo flavifrons_Yellow-throated Vireo,1,0,0
6382,Vireo flavoviridis_Yellow-green Vireo,1,0,0
6395,Vireo olivaceus_Red-eyed Vireo,1,0,1
6397,Vireo philadelphicus_Philadelphia Vireo,1,1,1
6400,Vireo solitarius_Blue-headed Vireo,1,0,0
6405,Vireolanius pulchellus_Green Shrike-Vireo,1,1,1
6406,Volatinia jacarina_Blue-black Grassquit,1,1,1
6414,Xema sabini_Sabine's Gull,1,0,0
6421,Xenops minutus_Plain Xenops,1,1,1
6435,Xiphorhynchus erythropygius_Spotted Woodcreeper,1,0,0
6439,Xiphorhynchus lachrymosus_Black-striped Woodcreeper,1,1,1
6444,Xiphorhynchus susurrans_Cocoa Woodcreeper,1,1,1
6469,Zenaida macroura_Mourning Dove,1,0,0
6483,Zimmerius parvus_Mistletoe Tyrannulet,1,1,1
6490,Zonotrichia leucophrys_White-crowned Sparrow,1,0,0
